Character,Age,Height,Ethnicity,Body_Type,Breast_Size,Eye_Description,Special_Traits
SQ,23,5’3”,Asian (Taiwanese),Medium frame,Medium perky and natural,Small mesmerizing eyes,"Delicate features, fair skin, dark hair, elegant demeanor"
Pizz0,23,5’11”,American-born Italian,Well-proportioned with long toned legs,Big natural,Brown,"youthful appearance, confident demeanor, energetic personality"
SG,23,5’4”,American-born Latino,Medium frame,Medium  natural,Brown,"Warm smile, expressive brown eyes, often seen with different hair"
ct-jennie2,23,5’6”,Korean,Runway model frame,Medium natural,Brown,"Stylish, fashionable, confident stage presence"
S@Tw!n5,23,5’4”,Asian (Hong Kong),Slim build,Medium perky natural,Brown,"Charming smile, often seen with long hair, versatile actress, beautiful open-mouth smile"
Ann4,23,5’1”,Asian,Petite but curvy with small waist,Big round natural,Big round brown eyes,"Trendy fashion sense, often seen with makeup, poses for photos, confident in front of camera"